source,target
hasanminhaj,chrissyteigen
hasanminhaj,mitchrichmond23
hasanminhaj,ninaemlemdi
hasanminhaj,Jon_Favreau
hasanminhaj,drsanjaygupta
hasanminhaj,MattGertz
hasanminhaj,JasonSCampbell
hasanminhaj,jkbjournalist
hasanminhaj,tomhanks
hasanminhaj,HillaryClinton
hasanminhaj,anitakumar01
hasanminhaj,BoysClubNY
hasanminhaj,dmaq1
hasanminhaj,ChrisEvans
hasanminhaj,SarahxAnwer
hasanminhaj,Casey
hasanminhaj,martinandanar
hasanminhaj,MarkRuffalo
hasanminhaj,TheEllenShow
hasanminhaj,johnaugust
hasanminhaj,KimKap
hasanminhaj,55buckets
hasanminhaj,SopanDeb
hasanminhaj,BetsyHodges
hasanminhaj,leeunkrich
hasanminhaj,bessbell
hasanminhaj,ezraklein
hasanminhaj,AOC
hasanminhaj,petrodraiz
hasanminhaj,chamath
hasanminhaj,sophchang
hasanminhaj,priyankachopra
hasanminhaj,voxdotcom
hasanminhaj,TiffanyHaddish
hasanminhaj,adriangrenier
hasanminhaj,jessetyler
hasanminhaj,johnlegend
hasanminhaj,alyankovic
hasanminhaj,perlmutations
hasanminhaj,jonnysun
hasanminhaj,nikolajcw
hasanminhaj,GabbySidibe
hasanminhaj,adampally
hasanminhaj,JasonRitter
hasanminhaj,kenjeong
hasanminhaj,pronounced_ing
hasanminhaj,ColeEscola
hasanminhaj,shresnik
hasanminhaj,zach_r1ce
hasanminhaj,JayPharoah
hasanminhaj,SacramentoKings
hasanminhaj,TVietor08
hasanminhaj,jaboukie
hasanminhaj,TheSamhita
hasanminhaj,tomsegura
hasanminhaj,jimmykimmel
hasanminhaj,gabegundacker
hasanminhaj,THEKIDMERO
hasanminhaj,Genius
hasanminhaj,brandonjinx
hasanminhaj,SheilaVee
hasanminhaj,jackwhitehall
hasanminhaj,russellhoward
hasanminhaj,dstfelix
hasanminhaj,yogrishiramdev
hasanminhaj,umxrshk
hasanminhaj,kporzee
hasanminhaj,EnesKanter
hasanminhaj,jennyhan
hasanminhaj,jenflanz
hasanminhaj,hodakatebi
hasanminhaj,patriotact
hasanminhaj,davidiserson
hasanminhaj,TheDweck
hasanminhaj,thatchriskelly
hasanminhaj,Jokoy
hasanminhaj,N_C_B
hasanminhaj,RonnieFieg
hasanminhaj,attell
hasanminhaj,KobiLibii
hasanminhaj,MB3FIVE
hasanminhaj,ACLU
hasanminhaj,BarackObama
hasanminhaj,nytimes
hasanminhaj,maddow
hasanminhaj,Sethrogen
hasanminhaj,bananapeele
hasanminhaj,kathygriffin
hasanminhaj,knguyen
hasanminhaj,GQMagazine
hasanminhaj,franciaraisa
hasanminhaj,BlairImani
hasanminhaj,AMANI2020
hasanminhaj,FullFrontalSamB
hasanminhaj,JHarden13
hasanminhaj,colbertlateshow
hasanminhaj,StephenAtHome
hasanminhaj,vanitaguptaCR
hasanminhaj,tannercolby
hasanminhaj,zachdilanzo
hasanminhaj,elizacossio
hasanminhaj,DevDell
hasanminhaj,nbcsnl
hasanminhaj,ColinJost
hasanminhaj,seanogallagher
hasanminhaj,LastWeekTonight
hasanminhaj,AnikKhan_
hasanminhaj,Samanth_S
hasanminhaj,GuzKhanOfficial
hasanminhaj,dissectpodcast
hasanminhaj,mattingebretson
hasanminhaj,FaizaPatelBCJ
hasanminhaj,Lefsetz
hasanminhaj,rtsimp
hasanminhaj,mrmedina
hasanminhaj,paulshipper
hasanminhaj,bejohnce
hasanminhaj,MamoudouNDiaye
hasanminhaj,Lilfilm
hasanminhaj,Felonious_munk
hasanminhaj,JuleykaLantigua
hasanminhaj,vcunningham
hasanminhaj,Reddsaidit
hasanminhaj,eshagupta2811
hasanminhaj,billyeichner
hasanminhaj,JimGaffigan
hasanminhaj,PreetBharara
hasanminhaj,A24
hasanminhaj,jeremysliew
hasanminhaj,MMFlint
hasanminhaj,heymichellelee
hasanminhaj,mikehofman
hasanminhaj,eveewing
hasanminhaj,franklinleonard
hasanminhaj,elseed
hasanminhaj,airfrance
hasanminhaj,Kaepernick7
hasanminhaj,aliamjadrizvi
hasanminhaj,arturodraws
hasanminhaj,StephenKing
hasanminhaj,SamHeughan
hasanminhaj,edgarwright
hasanminhaj,SusannaFogel
hasanminhaj,BarryJenkins
hasanminhaj,MitchyD
hasanminhaj,yunamusic
hasanminhaj,Kinglimaa
hasanminhaj,BenSPLATT
hasanminhaj,thevirdas
hasanminhaj,rakeshsatyal
hasanminhaj,blamethelabel
hasanminhaj,TonyRevolori
hasanminhaj,iffykaysar
hasanminhaj,StephenRDaw
hasanminhaj,AvanJogia
hasanminhaj,michaelsmith
hasanminhaj,MalPal711
hasanminhaj,mandamanda___
hasanminhaj,SheaSerrano
hasanminhaj,mallika_rao
hasanminhaj,CariChampion
hasanminhaj,MikeDrucker
hasanminhaj,jk_rowling
hasanminhaj,ava
hasanminhaj,ditzkoff
hasanminhaj,MekkiLeeper
hasanminhaj,iamledgin
hasanminhaj,charltonbrooker
hasanminhaj,ludwiggoransson
hasanminhaj,RachelFeinstein
hasanminhaj,realDonaldTrump
hasanminhaj,EmilyeOberg
hasanminhaj,levie
hasanminhaj,VaynerMedia
hasanminhaj,EdgeofSports
hasanminhaj,tySchmitt5
hasanminhaj,JohnLeguizamo
hasanminhaj,MarkDuplass
hasanminhaj,VanJones68
hasanminhaj,DanAmira
hasanminhaj,ajv
hasanminhaj,finkd
hasanminhaj,davidrocknyc
hasanminhaj,alexwagner
hasanminhaj,Complex
hasanminhaj,seanseaevans
hasanminhaj,marquezjesso
hasanminhaj,BRANDONWARDELL
hasanminhaj,NPR
hasanminhaj,RickFamuyiwa
hasanminhaj,LewisHowes
hasanminhaj,DreamsickJustin
hasanminhaj,Gladwell
hasanminhaj,MsEmmaBowman
hasanminhaj,iamsrk
hasanminhaj,declanwalsh
hasanminhaj,mholland85
hasanminhaj,BKBMG
hasanminhaj,goodreads
hasanminhaj,Krewella
hasanminhaj,amritsingh
hasanminhaj,BlazerRamon
hasanminhaj,ianbremmer
hasanminhaj,RogueTerritory
hasanminhaj,aspiegelnpr
hasanminhaj,janellejcomic
hasanminhaj,KingOfQueenz
hasanminhaj,iJesseWilliams
hasanminhaj,lildickytweets
hasanminhaj,Vasu
hasanminhaj,ingridnilsen
hasanminhaj,joshrogin
hasanminhaj,sethmeyers
hasanminhaj,ramy
hasanminhaj,solomongeorgio
hasanminhaj,MrGeorgeWallace
hasanminhaj,DaveedDiggs
hasanminhaj,garyvee
hasanminhaj,dpmeyer
hasanminhaj,stevejang
hasanminhaj,ringer
hasanminhaj,paulwdowns
hasanminhaj,robinthede
hasanminhaj,tedtremper
hasanminhaj,JustinTrudeau
hasanminhaj,wfcgreen
hasanminhaj,amirkingkhan
hasanminhaj,farantahir_
hasanminhaj,mehdirhasan
hasanminhaj,hopesolo
hasanminhaj,SenSanders
hasanminhaj,isaiahlester
hasanminhaj,BernieSanders
hasanminhaj,NateParker
hasanminhaj,katepurchase
hasanminhaj,telfordk
hasanminhaj,AnandWrites
hasanminhaj,MRPORTERLIVE
hasanminhaj,chancetherapper
hasanminhaj,bcamp810
hasanminhaj,HOUSE_of_WARIS
hasanminhaj,Lilly
hasanminhaj,brokemogul
hasanminhaj,ThaboSefolosha
hasanminhaj,bomani_jones
hasanminhaj,ATTACKATHLETICS
hasanminhaj,DLeary0us
hasanminhaj,UnitedBlackout
hasanminhaj,LenaWaithe
hasanminhaj,gkhamba
hasanminhaj,JeffreyGurian
hasanminhaj,atifateeq
hasanminhaj,kendricklamar
hasanminhaj,MatthewModine
hasanminhaj,NickKristof
hasanminhaj,Dreamville
hasanminhaj,KillerMike
hasanminhaj,ryanleslie
hasanminhaj,HEIRMJ
hasanminhaj,TheNarcicyst
hasanminhaj,joshluber
hasanminhaj,nathanfielder
hasanminhaj,djkhaled
hasanminhaj,ayeshacurry
hasanminhaj,MazMHussain
hasanminhaj,davidfolkenflik
hasanminhaj,JensenKarp
hasanminhaj,michaelb4jordan
hasanminhaj,JordanPeele
hasanminhaj,MattHalfhill
hasanminhaj,IanMcKellen
hasanminhaj,iraglass
hasanminhaj,El_Silvero
hasanminhaj,JLaPuma
hasanminhaj,anildash
hasanminhaj,rameswaram
hasanminhaj,AllOfItWNYC
hasanminhaj,thismyshow
hasanminhaj,EugeneMirman
hasanminhaj,ShahanR
hasanminhaj,NinaDavuluri
hasanminhaj,GrantNapearshow
hasanminhaj,CarmichaelDave
hasanminhaj,EliseCz
hasanminhaj,Andrea_Simmons
hasanminhaj,showtoones
hasanminhaj,electrolemon
hasanminhaj,iamcolinquinn
hasanminhaj,abrahamjoseph
hasanminhaj,bfishbfish
hasanminhaj,SpecialRepMC
hasanminhaj,fannynordmark
hasanminhaj,JRHavlan
hasanminhaj,ambarella
hasanminhaj,deray
hasanminhaj,hugoandmarie
hasanminhaj,IStandWithAhmed
hasanminhaj,showmetheravi
hasanminhaj,DesiLydic
hasanminhaj,roywoodjr
hasanminhaj,ronnychieng
hasanminhaj,fakedansavage
hasanminhaj,chrislhayes
hasanminhaj,twitney
hasanminhaj,humansofny
hasanminhaj,Lin_Manuel
hasanminhaj,mdotbrown
hasanminhaj,PinnapplePower
hasanminhaj,ChrisGethard
hasanminhaj,EasyPri
hasanminhaj,oldmanebro
hasanminhaj,marcecko
hasanminhaj,eugcordero
hasanminhaj,Iam1Cent
hasanminhaj,ajjacobs
hasanminhaj,melissamccarthy
hasanminhaj,TaheraHAhmad
hasanminhaj,patthewanderer
hasanminhaj,saladinahmed
hasanminhaj,SamSpratt
hasanminhaj,jamesmiglehart
hasanminhaj,AkilahObviously
hasanminhaj,tompapa
hasanminhaj,phlaimeaux
hasanminhaj,GBerlanti
hasanminhaj,AngeloLozada66
hasanminhaj,rojoperezzz
hasanminhaj,prattprattpratt
hasanminhaj,dherzog77
hasanminhaj,talkhoops
hasanminhaj,VRam_21
hasanminhaj,heavenrants
hasanminhaj,rastphan
hasanminhaj,jsmooth995
hasanminhaj,ComedyGroupie
hasanminhaj,chrizmillr
hasanminhaj,YourAnonNews
hasanminhaj,LuciaAniello
hasanminhaj,Babyballs69
hasanminhaj,paulfeig
hasanminhaj,GlitterCheese
hasanminhaj,mojorojo
hasanminhaj,BinaShah
hasanminhaj,ismat
hasanminhaj,RonanFarrow
hasanminhaj,tejucole
hasanminhaj,Zeyba
hasanminhaj,joncbenson
hasanminhaj,iamsambee
hasanminhaj,lsarsour
hasanminhaj,joshgondelman
hasanminhaj,robcorddry
hasanminhaj,kristenschaaled
hasanminhaj,danielradosh
hasanminhaj,timcarvell
hasanminhaj,AymanM
hasanminhaj,BergerWorld
hasanminhaj,iamjohnoliver
hasanminhaj,rabiasquared
hasanminhaj,Apey
hasanminhaj,heyrubes_
hasanminhaj,graceofwrath
hasanminhaj,raminhedayati
hasanminhaj,jonesinforjason
hasanminhaj,Variety
hasanminhaj,almadrigal
hasanminhaj,philiplord
hasanminhaj,HallieHaglund
hasanminhaj,dopequeenpheebs
hasanminhaj,rianjohnson
hasanminhaj,zainabjohnson
hasanminhaj,billburr
hasanminhaj,mileskahn
hasanminhaj,MrChadCarter
hasanminhaj,hodgman
hasanminhaj,sammorril
hasanminhaj,AaronCouch
hasanminhaj,brennanshroff
hasanminhaj,ComedyCellarUSA
hasanminhaj,RoryAlbanese
hasanminhaj,mattkoff
hasanminhaj,tedalexandro
hasanminhaj,JenaFriedman
hasanminhaj,OnePerfectShot
hasanminhaj,GeorgeKiel3
hasanminhaj,morninggloria
hasanminhaj,JSim07
hasanminhaj,TessaThompson_x
hasanminhaj,alicewetterlund
hasanminhaj,SarahTreem
hasanminhaj,baluchx
hasanminhaj,BENBALLER
hasanminhaj,TheDailyShow
hasanminhaj,larrywilmore
hasanminhaj,JessicaPilot212
hasanminhaj,Mowjood
hasanminhaj,Trevornoah
hasanminhaj,jinajones
hasanminhaj,AdamLowitt
hasanminhaj,jordanklepper
chrissyteigen,Jon_Favreau
chrissyteigen,drsanjaygupta
MattGertz,chrissyteigen
chrissyteigen,tomhanks
chrissyteigen,HillaryClinton
ChrisEvans,chrissyteigen
chrissyteigen,ChrisEvans
TheEllenShow,chrissyteigen
chrissyteigen,TheEllenShow
KimKap,chrissyteigen
BetsyHodges,chrissyteigen
bessbell,chrissyteigen
chrissyteigen,ezraklein
AOC,chrissyteigen
chrissyteigen,AOC
chrissyteigen,priyankachopra
chrissyteigen,TiffanyHaddish
adriangrenier,chrissyteigen
chrissyteigen,adriangrenier
jessetyler,chrissyteigen
chrissyteigen,jessetyler
johnlegend,chrissyteigen
chrissyteigen,johnlegend
jonnysun,chrissyteigen
chrissyteigen,jonnysun
GabbySidibe,chrissyteigen
chrissyteigen,GabbySidibe
adampally,chrissyteigen
chrissyteigen,adampally
JasonRitter,chrissyteigen
kenjeong,chrissyteigen
pronounced_ing,chrissyteigen
chrissyteigen,pronounced_ing
shresnik,chrissyteigen
TVietor08,chrissyteigen
jaboukie,chrissyteigen
chrissyteigen,jaboukie
TheSamhita,chrissyteigen
tomsegura,chrissyteigen
chrissyteigen,tomsegura
jimmykimmel,chrissyteigen
chrissyteigen,jimmykimmel
Genius,chrissyteigen
jennyhan,chrissyteigen
chrissyteigen,jennyhan
davidiserson,chrissyteigen
TheDweck,chrissyteigen
chrissyteigen,TheDweck
chrissyteigen,attell
ACLU,chrissyteigen
chrissyteigen,ACLU
chrissyteigen,BarackObama
chrissyteigen,maddow
Sethrogen,chrissyteigen
chrissyteigen,Sethrogen
bananapeele,chrissyteigen
kathygriffin,chrissyteigen
chrissyteigen,kathygriffin
knguyen,chrissyteigen
chrissyteigen,knguyen
GQMagazine,chrissyteigen
chrissyteigen,GQMagazine
franciaraisa,chrissyteigen
BlairImani,chrissyteigen
chrissyteigen,BlairImani
AMANI2020,chrissyteigen
FullFrontalSamB,chrissyteigen
chrissyteigen,FullFrontalSamB
colbertlateshow,chrissyteigen
chrissyteigen,StephenAtHome
elizacossio,chrissyteigen
DevDell,chrissyteigen
nbcsnl,chrissyteigen
chrissyteigen,nbcsnl
rtsimp,chrissyteigen
bejohnce,chrissyteigen
chrissyteigen,bejohnce
MamoudouNDiaye,chrissyteigen
Felonious_munk,chrissyteigen
chrissyteigen,Felonious_munk
Reddsaidit,chrissyteigen
chrissyteigen,Reddsaidit
billyeichner,chrissyteigen
chrissyteigen,billyeichner
JimGaffigan,chrissyteigen
chrissyteigen,JimGaffigan
PreetBharara,chrissyteigen
chrissyteigen,PreetBharara
A24,chrissyteigen
chrissyteigen,A24
jeremysliew,chrissyteigen
chrissyteigen,MMFlint
heymichellelee,chrissyteigen
mikehofman,chrissyteigen
franklinleonard,chrissyteigen
chrissyteigen,franklinleonard
chrissyteigen,Kaepernick7
aliamjadrizvi,chrissyteigen
arturodraws,chrissyteigen
chrissyteigen,StephenKing
edgarwright,chrissyteigen
chrissyteigen,edgarwright
BarryJenkins,chrissyteigen
chrissyteigen,BarryJenkins
yunamusic,chrissyteigen
Kinglimaa,chrissyteigen
BenSPLATT,chrissyteigen
chrissyteigen,BenSPLATT
rakeshsatyal,chrissyteigen
iffykaysar,chrissyteigen
StephenRDaw,chrissyteigen
chrissyteigen,AvanJogia
mandamanda___,chrissyteigen
chrissyteigen,SheaSerrano
mallika_rao,chrissyteigen
CariChampion,chrissyteigen
MikeDrucker,chrissyteigen
chrissyteigen,MikeDrucker
jk_rowling,chrissyteigen
chrissyteigen,jk_rowling
ava,chrissyteigen
chrissyteigen,ava
ditzkoff,chrissyteigen
chrissyteigen,ditzkoff
iamledgin,chrissyteigen
chrissyteigen,iamledgin
charltonbrooker,chrissyteigen
chrissyteigen,charltonbrooker
JohnLeguizamo,chrissyteigen
VanJones68,chrissyteigen
chrissyteigen,DanAmira
ajv,chrissyteigen
alexwagner,chrissyteigen
chrissyteigen,alexwagner
Complex,chrissyteigen
chrissyteigen,Complex
seanseaevans,chrissyteigen
chrissyteigen,seanseaevans
BRANDONWARDELL,chrissyteigen
chrissyteigen,BRANDONWARDELL
LewisHowes,chrissyteigen
DreamsickJustin,chrissyteigen
MsEmmaBowman,chrissyteigen
iJesseWilliams,chrissyteigen
chrissyteigen,iJesseWilliams
Vasu,chrissyteigen
joshrogin,chrissyteigen
chrissyteigen,sethmeyers
solomongeorgio,chrissyteigen
MrGeorgeWallace,chrissyteigen
garyvee,chrissyteigen
dpmeyer,chrissyteigen
stevejang,chrissyteigen
ringer,chrissyteigen
robinthede,chrissyteigen
chrissyteigen,robinthede
mehdirhasan,chrissyteigen
chrissyteigen,mehdirhasan
isaiahlester,chrissyteigen
chrissyteigen,isaiahlester
chrissyteigen,BernieSanders
AnandWrites,chrissyteigen
chrissyteigen,chancetherapper
Lilly,chrissyteigen
brokemogul,chrissyteigen
chrissyteigen,brokemogul
bomani_jones,chrissyteigen
chrissyteigen,bomani_jones
DLeary0us,chrissyteigen
LenaWaithe,chrissyteigen
chrissyteigen,LenaWaithe
chrissyteigen,ryanleslie
chrissyteigen,nathanfielder
ayeshacurry,chrissyteigen
chrissyteigen,ayeshacurry
JensenKarp,chrissyteigen
chrissyteigen,JensenKarp
chrissyteigen,michaelb4jordan
JordanPeele,chrissyteigen
chrissyteigen,JordanPeele
anildash,chrissyteigen
chrissyteigen,anildash
thismyshow,chrissyteigen
NinaDavuluri,chrissyteigen
Andrea_Simmons,chrissyteigen
chrissyteigen,electrolemon
iamcolinquinn,chrissyteigen
chrissyteigen,iamcolinquinn
abrahamjoseph,chrissyteigen
bfishbfish,chrissyteigen
fannynordmark,chrissyteigen
JRHavlan,chrissyteigen
ambarella,chrissyteigen
deray,chrissyteigen
chrissyteigen,deray
showmetheravi,chrissyteigen
roywoodjr,chrissyteigen
chrissyteigen,roywoodjr
ronnychieng,chrissyteigen
fakedansavage,chrissyteigen
chrissyteigen,chrislhayes
twitney,chrissyteigen
chrissyteigen,twitney
humansofny,chrissyteigen
chrissyteigen,humansofny
Lin_Manuel,chrissyteigen
chrissyteigen,Lin_Manuel
chrissyteigen,ChrisGethard
oldmanebro,chrissyteigen
ajjacobs,chrissyteigen
AkilahObviously,chrissyteigen
chrissyteigen,AkilahObviously
GBerlanti,chrissyteigen
rojoperezzz,chrissyteigen
chrissyteigen,prattprattpratt
talkhoops,chrissyteigen
chrissyteigen,talkhoops
rastphan,chrissyteigen
jsmooth995,chrissyteigen
LuciaAniello,chrissyteigen
GlitterCheese,chrissyteigen
BinaShah,chrissyteigen
ismat,chrissyteigen
chrissyteigen,ismat
RonanFarrow,chrissyteigen
chrissyteigen,RonanFarrow
chrissyteigen,tejucole
joncbenson,chrissyteigen
iamsambee,chrissyteigen
chrissyteigen,iamsambee
lsarsour,chrissyteigen
joshgondelman,chrissyteigen
chrissyteigen,joshgondelman
kristenschaaled,chrissyteigen
chrissyteigen,kristenschaaled
AymanM,chrissyteigen
chrissyteigen,AymanM
heyrubes_,chrissyteigen
ChrisEvans,drsanjaygupta
TheEllenShow,drsanjaygupta
SopanDeb,drsanjaygupta
petrodraiz,drsanjaygupta
kenjeong,drsanjaygupta
SheilaVee,drsanjaygupta
thatchriskelly,drsanjaygupta
BarackObama,drsanjaygupta
drsanjaygupta,nytimes
Sethrogen,drsanjaygupta
FullFrontalSamB,drsanjaygupta
colbertlateshow,drsanjaygupta
DevDell,drsanjaygupta
franklinleonard,drsanjaygupta
aliamjadrizvi,drsanjaygupta
drsanjaygupta,realDonaldTrump
ajv,drsanjaygupta
amritsingh,drsanjaygupta
joshrogin,drsanjaygupta
MrGeorgeWallace,drsanjaygupta
SenSanders,drsanjaygupta
AnandWrites,drsanjaygupta
NickKristof,drsanjaygupta
ShahanR,drsanjaygupta
Andrea_Simmons,drsanjaygupta
showmetheravi,drsanjaygupta
oldmanebro,drsanjaygupta
tompapa,drsanjaygupta
lsarsour,drsanjaygupta
AymanM,drsanjaygupta
drsanjaygupta,iamjohnoliver
Variety,drsanjaygupta
philiplord,drsanjaygupta
mileskahn,drsanjaygupta
mattkoff,drsanjaygupta
JasonSCampbell,MattGertz
MattGertz,JasonSCampbell
MattGertz,HillaryClinton
anitakumar01,MattGertz
SopanDeb,MattGertz
MattGertz,SopanDeb
MattGertz,ezraklein
MattGertz,AOC
MattGertz,voxdotcom
MattGertz,TVietor08
TheDweck,MattGertz
MattGertz,ACLU
MattGertz,BarackObama
MattGertz,nytimes
maddow,MattGertz
DevDell,MattGertz
seanogallagher,MattGertz
heymichellelee,MattGertz
franklinleonard,MattGertz
MattGertz,realDonaldTrump
VanJones68,MattGertz
MattGertz,alexwagner
joshrogin,MattGertz
MattGertz,joshrogin
MattGertz,ringer
mehdirhasan,MattGertz
MattGertz,SenSanders
MattGertz,AnandWrites
davidfolkenflik,MattGertz
MattGertz,davidfolkenflik
MattGertz,anildash
abrahamjoseph,MattGertz
MattGertz,chrislhayes
MattGertz,Lin_Manuel
HillaryClinton,tomhanks
ChrisEvans,tomhanks
Casey,tomhanks
MarkRuffalo,tomhanks
TheEllenShow,tomhanks
KimKap,tomhanks
BetsyHodges,tomhanks
leeunkrich,tomhanks
tomhanks,leeunkrich
bessbell,tomhanks
priyankachopra,tomhanks
TiffanyHaddish,tomhanks
adriangrenier,tomhanks
johnlegend,tomhanks
alyankovic,tomhanks
perlmutations,tomhanks
nikolajcw,tomhanks
GabbySidibe,tomhanks
adampally,tomhanks
JasonRitter,tomhanks
kenjeong,tomhanks
shresnik,tomhanks
JayPharoah,tomhanks
tomsegura,tomhanks
jimmykimmel,tomhanks
davidiserson,tomhanks
thatchriskelly,tomhanks
MB3FIVE,tomhanks
ACLU,tomhanks
tomhanks,BarackObama
colbertlateshow,tomhanks
StephenAtHome,tomhanks
vanitaguptaCR,tomhanks
zachdilanzo,tomhanks
elizacossio,tomhanks
nbcsnl,tomhanks
ColinJost,tomhanks
Samanth_S,tomhanks
paulshipper,tomhanks
Reddsaidit,tomhanks
billyeichner,tomhanks
JimGaffigan,tomhanks
PreetBharara,tomhanks
franklinleonard,tomhanks
SamHeughan,tomhanks
edgarwright,tomhanks
thevirdas,tomhanks
mallika_rao,tomhanks
MikeDrucker,tomhanks
RachelFeinstein,tomhanks
VaynerMedia,tomhanks
JohnLeguizamo,tomhanks
MarkDuplass,tomhanks
VanJones68,tomhanks
DanAmira,tomhanks
alexwagner,tomhanks
LewisHowes,tomhanks
mholland85,tomhanks
iJesseWilliams,tomhanks
joshrogin,tomhanks
sethmeyers,tomhanks
MrGeorgeWallace,tomhanks
dpmeyer,tomhanks
paulwdowns,tomhanks
hopesolo,tomhanks
katepurchase,tomhanks
AnandWrites,tomhanks
Lilly,tomhanks
LenaWaithe,tomhanks
NickKristof,tomhanks
davidfolkenflik,tomhanks
JordanPeele,tomhanks
IanMcKellen,tomhanks
iraglass,tomhanks
thismyshow,tomhanks
CarmichaelDave,tomhanks
Andrea_Simmons,tomhanks
showtoones,tomhanks
iamcolinquinn,tomhanks
showmetheravi,tomhanks
roywoodjr,tomhanks
ronnychieng,tomhanks
Lin_Manuel,tomhanks
oldmanebro,tomhanks
tompapa,tomhanks
GBerlanti,tomhanks
AngeloLozada66,tomhanks
dherzog77,tomhanks
LuciaAniello,tomhanks
paulfeig,tomhanks
GlitterCheese,tomhanks
danielradosh,tomhanks
AymanM,tomhanks
rabiasquared,tomhanks
Apey,tomhanks
heyrubes_,tomhanks
graceofwrath,tomhanks
raminhedayati,tomhanks
Variety,tomhanks
almadrigal,tomhanks
philiplord,tomhanks
dopequeenpheebs,tomhanks
anitakumar01,AOC
anitakumar01,TVietor08
SheilaVee,anitakumar01
anitakumar01,BarackObama
anitakumar01,nytimes
maddow,anitakumar01
anitakumar01,maddow
anitakumar01,PreetBharara
mallika_rao,anitakumar01
anitakumar01,realDonaldTrump
anitakumar01,VanJones68
anitakumar01,NPR
anitakumar01,ianbremmer
joshrogin,anitakumar01
anitakumar01,joshrogin
SenSanders,anitakumar01
anitakumar01,SenSanders
BernieSanders,anitakumar01
anitakumar01,BernieSanders
anitakumar01,chrislhayes
BoysClubNY,ChrisEvans
BoysClubNY,MarkRuffalo
BoysClubNY,TheEllenShow
BoysClubNY,AOC
BoysClubNY,JayPharoah
BoysClubNY,TVietor08
BoysClubNY,patriotact
BoysClubNY,ACLU
BoysClubNY,BarackObama
BoysClubNY,nytimes
BoysClubNY,maddow
BoysClubNY,Sethrogen
BoysClubNY,FullFrontalSamB
BoysClubNY,StephenAtHome
BoysClubNY,nbcsnl
BoysClubNY,ColinJost
BoysClubNY,LastWeekTonight
BoysClubNY,billyeichner
BoysClubNY,PreetBharara
BoysClubNY,Kaepernick7
BoysClubNY,StephenKing
BoysClubNY,michaelsmith
BoysClubNY,ava
BoysClubNY,realDonaldTrump
BoysClubNY,NPR
BoysClubNY,BKBMG
BoysClubNY,sethmeyers
BoysClubNY,SenSanders
BoysClubNY,BernieSanders
BoysClubNY,kendricklamar
BoysClubNY,djkhaled
BoysClubNY,JordanPeele
BoysClubNY,deray
BoysClubNY,roywoodjr
BoysClubNY,oldmanebro
BoysClubNY,melissamccarthy
BoysClubNY,prattprattpratt
BoysClubNY,iamsambee
BoysClubNY,iamjohnoliver
BoysClubNY,dopequeenpheebs
BoysClubNY,morninggloria
BoysClubNY,TheDailyShow
BoysClubNY,Trevornoah
BoysClubNY,jordanklepper
dmaq1,hodakatebi
dmaq1,ACLU
MamoudouNDiaye,dmaq1
dmaq1,MamoudouNDiaye
KimKap,Casey
Casey,ezraklein
Casey,AOC
Casey,priyankachopra
Casey,alyankovic
Casey,perlmutations
Casey,TVietor08
Casey,jaboukie
tomsegura,Casey
Casey,tomsegura
Casey,gabegundacker
Casey,KobiLibii
Casey,BarackObama
Casey,maddow
Sethrogen,Casey
Casey,Sethrogen
AMANI2020,Casey
Casey,AMANI2020
Casey,StephenAtHome
mrmedina,Casey
Casey,mrmedina
Casey,PreetBharara
jeremysliew,Casey
Casey,jeremysliew
mikehofman,Casey
franklinleonard,Casey
arturodraws,Casey
Casey,edgarwright
Casey,BarryJenkins
iffykaysar,Casey
mandamanda___,Casey
iamledgin,Casey
tySchmitt5,Casey
Casey,VanJones68
davidrocknyc,Casey
Complex,Casey
seanseaevans,Casey
Casey,seanseaevans
LewisHowes,Casey
Casey,LewisHowes
Casey,Gladwell
KimKap,TheEllenShow
SopanDeb,TheEllenShow
BetsyHodges,TheEllenShow
TheEllenShow,leeunkrich
priyankachopra,TheEllenShow
TheEllenShow,priyankachopra
TiffanyHaddish,TheEllenShow
TheEllenShow,TiffanyHaddish
adriangrenier,TheEllenShow
TheEllenShow,adriangrenier
jessetyler,TheEllenShow
TheEllenShow,jessetyler
johnlegend,TheEllenShow
TheEllenShow,johnlegend
TheEllenShow,alyankovic
nikolajcw,TheEllenShow
TheEllenShow,nikolajcw
TheEllenShow,GabbySidibe
JasonRitter,TheEllenShow
TheEllenShow,JasonRitter
kenjeong,TheEllenShow
TheEllenShow,kenjeong
TheEllenShow,ColeEscola
shresnik,TheEllenShow
JayPharoah,TheEllenShow
TheEllenShow,JayPharoah
SacramentoKings,TheEllenShow
jimmykimmel,TheEllenShow
TheEllenShow,jimmykimmel
jackwhitehall,TheEllenShow
TheEllenShow,jackwhitehall
thatchriskelly,TheEllenShow
Jokoy,TheEllenShow
TheEllenShow,Jokoy
TheEllenShow,attell
MB3FIVE,TheEllenShow
ACLU,TheEllenShow
TheEllenShow,BarackObama
TheEllenShow,nytimes
TheEllenShow,maddow
TheEllenShow,Sethrogen
TheEllenShow,kathygriffin
franciaraisa,TheEllenShow
AMANI2020,TheEllenShow
TheEllenShow,JHarden13
colbertlateshow,TheEllenShow
TheEllenShow,StephenAtHome
zachdilanzo,TheEllenShow
DevDell,TheEllenShow
ColinJost,TheEllenShow
TheEllenShow,ColinJost
TheEllenShow,mattingebretson
TheEllenShow,Lefsetz
Reddsaidit,TheEllenShow
billyeichner,TheEllenShow
TheEllenShow,billyeichner
JimGaffigan,TheEllenShow
TheEllenShow,JimGaffigan
PreetBharara,TheEllenShow
TheEllenShow,MMFlint
franklinleonard,TheEllenShow
aliamjadrizvi,TheEllenShow
edgarwright,TheEllenShow
TheEllenShow,edgarwright
SusannaFogel,TheEllenShow
yunamusic,TheEllenShow
Kinglimaa,TheEllenShow
BenSPLATT,TheEllenShow
TheEllenShow,BenSPLATT
rakeshsatyal,TheEllenShow
StephenRDaw,TheEllenShow
TheEllenShow,AvanJogia
michaelsmith,TheEllenShow
TheEllenShow,michaelsmith
mandamanda___,TheEllenShow
MikeDrucker,TheEllenShow
jk_rowling,TheEllenShow
TheEllenShow,jk_rowling
TheEllenShow,iamledgin
TheEllenShow,charltonbrooker
RachelFeinstein,TheEllenShow
TheEllenShow,JohnLeguizamo
MarkDuplass,TheEllenShow
VanJones68,TheEllenShow
TheEllenShow,VanJones68
Complex,TheEllenShow
TheEllenShow,Complex
marquezjesso,TheEllenShow
TheEllenShow,NPR
LewisHowes,TheEllenShow
TheEllenShow,LewisHowes
TheEllenShow,Gladwell
mholland85,TheEllenShow
TheEllenShow,amritsingh
aspiegelnpr,TheEllenShow
janellejcomic,TheEllenShow
iJesseWilliams,TheEllenShow
lildickytweets,TheEllenShow
TheEllenShow,lildickytweets
ingridnilsen,TheEllenShow
joshrogin,TheEllenShow
sethmeyers,TheEllenShow
TheEllenShow,sethmeyers
MrGeorgeWallace,TheEllenShow
DaveedDiggs,TheEllenShow
garyvee,TheEllenShow
TheEllenShow,garyvee
dpmeyer,TheEllenShow
farantahir_,TheEllenShow
hopesolo,TheEllenShow
TheEllenShow,hopesolo
AnandWrites,TheEllenShow
chancetherapper,TheEllenShow
TheEllenShow,chancetherapper
Lilly,TheEllenShow
TheEllenShow,Lilly
brokemogul,TheEllenShow
TheEllenShow,ThaboSefolosha
TheEllenShow,bomani_jones
TheEllenShow,LenaWaithe
TheEllenShow,kendricklamar
TheEllenShow,NickKristof
ryanleslie,TheEllenShow
TheEllenShow,ryanleslie
HEIRMJ,TheEllenShow
djkhaled,TheEllenShow
TheEllenShow,djkhaled
TheEllenShow,ayeshacurry
TheEllenShow,michaelb4jordan
IanMcKellen,TheEllenShow
TheEllenShow,anildash
TheEllenShow,EugeneMirman
ShahanR,TheEllenShow
NinaDavuluri,TheEllenShow
Andrea_Simmons,TheEllenShow
showtoones,TheEllenShow
iamcolinquinn,TheEllenShow
TheEllenShow,iamcolinquinn
showmetheravi,TheEllenShow
humansofny,TheEllenShow
Lin_Manuel,TheEllenShow
TheEllenShow,Lin_Manuel
ChrisGethard,TheEllenShow
TheEllenShow,ChrisGethard
oldmanebro,TheEllenShow
ajjacobs,TheEllenShow
melissamccarthy,TheEllenShow
TheEllenShow,melissamccarthy
jamesmiglehart,TheEllenShow
GBerlanti,TheEllenShow
AngeloLozada66,TheEllenShow
prattprattpratt,TheEllenShow
TheEllenShow,prattprattpratt
rastphan,TheEllenShow
paulfeig,TheEllenShow
TheEllenShow,paulfeig
GlitterCheese,TheEllenShow
ismat,TheEllenShow
RonanFarrow,TheEllenShow
Zeyba,TheEllenShow
TheEllenShow,joshgondelman
TheEllenShow,robcorddry
kristenschaaled,TheEllenShow
TheEllenShow,kristenschaaled
TheEllenShow,timcarvell
AymanM,TheEllenShow
TheEllenShow,iamjohnoliver
rabiasquared,TheEllenShow
heyrubes_,TheEllenShow
raminhedayati,TheEllenShow
Variety,TheEllenShow
TheEllenShow,Variety
dopequeenpheebs,TheEllenShow
hodgman,TheEllenShow
TheEllenShow,hodgman
ComedyCellarUSA,TheEllenShow
SopanDeb,KimKap
KimKap,SopanDeb
KimKap,bessbell
KimKap,ezraklein
KimKap,TiffanyHaddish
KimKap,THEKIDMERO
KimKap,patriotact
KimKap,ACLU
KimKap,BarackObama
KimKap,nytimes
KimKap,Sethrogen
KimKap,kathygriffin
KimKap,GQMagazine
KimKap,StephenAtHome
KimKap,ColinJost
KimKap,billyeichner
KimKap,JimGaffigan
KimKap,finkd
KimKap,BRANDONWARDELL
sophchang,pronounced_ing
sophchang,jennyhan
ACLU,sophchang
sophchang,BarackObama
sophchang,nytimes
sophchang,maddow
sophchang,StephenAtHome
sophchang,PreetBharara
sophchang,Kaepernick7
sophchang,JohnLeguizamo
johnlegend,voxdotcom
ColeEscola,voxdotcom
shresnik,voxdotcom
TVietor08,voxdotcom
TheSamhita,voxdotcom
SheilaVee,voxdotcom
TheDweck,voxdotcom
thatchriskelly,voxdotcom
N_C_B,voxdotcom
voxdotcom,nytimes
maddow,voxdotcom
FullFrontalSamB,voxdotcom
zachdilanzo,voxdotcom
DevDell,voxdotcom
seanogallagher,voxdotcom
Samanth_S,voxdotcom
mrmedina,voxdotcom
MamoudouNDiaye,voxdotcom
JuleykaLantigua,voxdotcom
PreetBharara,voxdotcom
eveewing,voxdotcom
franklinleonard,voxdotcom
aliamjadrizvi,voxdotcom
yunamusic,voxdotcom
iffykaysar,voxdotcom
StephenRDaw,voxdotcom
AvanJogia,voxdotcom
michaelsmith,voxdotcom
ava,voxdotcom
VaynerMedia,voxdotcom
JohnLeguizamo,voxdotcom
DanAmira,voxdotcom
alexwagner,voxdotcom
voxdotcom,NPR
RickFamuyiwa,voxdotcom
MsEmmaBowman,voxdotcom
ianbremmer,voxdotcom
aspiegelnpr,voxdotcom
iJesseWilliams,voxdotcom
joshrogin,voxdotcom
dpmeyer,voxdotcom
mehdirhasan,voxdotcom
SenSanders,voxdotcom
BernieSanders,voxdotcom
AnandWrites,voxdotcom
UnitedBlackout,voxdotcom
gkhamba,voxdotcom
Dreamville,voxdotcom
rameswaram,voxdotcom
voxdotcom,rameswaram
EugeneMirman,voxdotcom
Andrea_Simmons,voxdotcom
abrahamjoseph,voxdotcom
bfishbfish,voxdotcom
SpecialRepMC,voxdotcom
fakedansavage,voxdotcom
chrislhayes,voxdotcom
oldmanebro,voxdotcom
GBerlanti,voxdotcom
ismat,voxdotcom
Zeyba,voxdotcom
AymanM,voxdotcom
raminhedayati,voxdotcom
Variety,voxdotcom
philiplord,voxdotcom
HallieHaglund,voxdotcom
mileskahn,voxdotcom
TheDailyShow,voxdotcom
larrywilmore,voxdotcom
JessicaPilot212,voxdotcom
Trevornoah,voxdotcom
jessetyler,TiffanyHaddish
johnlegend,TiffanyHaddish
TiffanyHaddish,johnlegend
alyankovic,TiffanyHaddish
GabbySidibe,TiffanyHaddish
adampally,TiffanyHaddish
JasonRitter,TiffanyHaddish
kenjeong,TiffanyHaddish
JayPharoah,TiffanyHaddish
TVietor08,TiffanyHaddish
TheSamhita,TiffanyHaddish
tomsegura,TiffanyHaddish
TiffanyHaddish,tomsegura
jimmykimmel,TiffanyHaddish
TiffanyHaddish,jimmykimmel
jackwhitehall,TiffanyHaddish
jenflanz,TiffanyHaddish
TheDweck,TiffanyHaddish
Jokoy,TiffanyHaddish
TiffanyHaddish,attell
ACLU,TiffanyHaddish
TiffanyHaddish,BarackObama
Sethrogen,TiffanyHaddish
TiffanyHaddish,Sethrogen
kathygriffin,TiffanyHaddish
TiffanyHaddish,kathygriffin
GQMagazine,TiffanyHaddish
BlairImani,TiffanyHaddish
colbertlateshow,TiffanyHaddish
TiffanyHaddish,colbertlateshow
TiffanyHaddish,StephenAtHome
DevDell,TiffanyHaddish
nbcsnl,TiffanyHaddish
TiffanyHaddish,nbcsnl
bejohnce,TiffanyHaddish
MamoudouNDiaye,TiffanyHaddish
Felonious_munk,TiffanyHaddish
Reddsaidit,TiffanyHaddish
billyeichner,TiffanyHaddish
PreetBharara,TiffanyHaddish
franklinleonard,TiffanyHaddish
edgarwright,TiffanyHaddish
rakeshsatyal,TiffanyHaddish
mallika_rao,TiffanyHaddish
CariChampion,TiffanyHaddish
ava,TiffanyHaddish
TiffanyHaddish,ava
RachelFeinstein,TiffanyHaddish
TiffanyHaddish,RachelFeinstein
seanseaevans,TiffanyHaddish
TiffanyHaddish,seanseaevans
LewisHowes,TiffanyHaddish
mholland85,TiffanyHaddish
BKBMG,TiffanyHaddish
SacramentoKings,THEKIDMERO
thatchriskelly,SacramentoKings
SacramentoKings,thatchriskelly
MB3FIVE,SacramentoKings
SacramentoKings,MB3FIVE
BarackObama,SacramentoKings
SacramentoKings,BarackObama
SacramentoKings,nytimes
SacramentoKings,LastWeekTonight
dissectpodcast,SacramentoKings
SacramentoKings,SheaSerrano
SacramentoKings,VaynerMedia
SacramentoKings,Complex
NPR,SacramentoKings
SacramentoKings,NPR
LewisHowes,SacramentoKings
SacramentoKings,LewisHowes
MsEmmaBowman,SacramentoKings
ringer,SacramentoKings
SacramentoKings,ringer
SacramentoKings,hopesolo
SacramentoKings,djkhaled
SacramentoKings,JordanPeele
NinaDavuluri,SacramentoKings
SacramentoKings,NinaDavuluri
GrantNapearshow,SacramentoKings
SacramentoKings,GrantNapearshow
CarmichaelDave,SacramentoKings
SacramentoKings,CarmichaelDave
ambarella,SacramentoKings
talkhoops,SacramentoKings
SacramentoKings,talkhoops
SacramentoKings,iamjohnoliver
heyrubes_,SacramentoKings
Variety,SacramentoKings
TheSamhita,TVietor08
tomsegura,TVietor08
TVietor08,THEKIDMERO
jennyhan,TVietor08
davidiserson,TVietor08
thatchriskelly,TVietor08
TVietor08,BarackObama
TVietor08,nytimes
maddow,TVietor08
TVietor08,maddow
kathygriffin,TVietor08
BlairImani,TVietor08
TVietor08,BlairImani
colbertlateshow,TVietor08
TVietor08,colbertlateshow
TVietor08,StephenAtHome
billyeichner,TVietor08
TVietor08,billyeichner
PreetBharara,TVietor08
TVietor08,PreetBharara
mikehofman,TVietor08
TVietor08,eveewing
franklinleonard,TVietor08
TVietor08,franklinleonard
TVietor08,Kaepernick7
TVietor08,BarryJenkins
StephenRDaw,TVietor08
mandamanda___,TVietor08
TVietor08,SheaSerrano
TVietor08,ava
ditzkoff,TVietor08
TVietor08,ditzkoff
TVietor08,realDonaldTrump
TVietor08,levie
DanAmira,TVietor08
TVietor08,DanAmira
alexwagner,TVietor08
TVietor08,alexwagner
TVietor08,NPR
TVietor08,Gladwell
TVietor08,declanwalsh
mholland85,TVietor08
amritsingh,TVietor08
joshrogin,TVietor08
TVietor08,joshrogin
sethmeyers,TVietor08
TVietor08,sethmeyers
stevejang,TVietor08
ringer,TVietor08
TVietor08,ringer
TVietor08,JustinTrudeau
mehdirhasan,TVietor08
TVietor08,mehdirhasan
TVietor08,SenSanders
TVietor08,BernieSanders
katepurchase,TVietor08
TVietor08,chancetherapper
davidiserson,jimmykimmel
thatchriskelly,jimmykimmel
attell,jimmykimmel
jimmykimmel,attell
MB3FIVE,jimmykimmel
ACLU,jimmykimmel
jimmykimmel,BarackObama
jimmykimmel,maddow
Sethrogen,jimmykimmel
jimmykimmel,Sethrogen
kathygriffin,jimmykimmel
jimmykimmel,kathygriffin
GQMagazine,jimmykimmel
jimmykimmel,GQMagazine
colbertlateshow,jimmykimmel
jimmykimmel,colbertlateshow
zachdilanzo,jimmykimmel
elizacossio,jimmykimmel
DevDell,jimmykimmel
ColinJost,jimmykimmel
mattingebretson,jimmykimmel
paulshipper,jimmykimmel
bejohnce,jimmykimmel
jimmykimmel,bejohnce
billyeichner,jimmykimmel
jimmykimmel,billyeichner
JimGaffigan,jimmykimmel
PreetBharara,jimmykimmel
franklinleonard,jimmykimmel
aliamjadrizvi,jimmykimmel
SamHeughan,jimmykimmel
edgarwright,jimmykimmel
yunamusic,jimmykimmel
thevirdas,jimmykimmel
mandamanda___,jimmykimmel
MikeDrucker,jimmykimmel
ava,jimmykimmel
ditzkoff,jimmykimmel
iamledgin,jimmykimmel
JohnLeguizamo,jimmykimmel
MarkDuplass,jimmykimmel
jimmykimmel,MarkDuplass
VanJones68,jimmykimmel
jimmykimmel,VanJones68
DanAmira,jimmykimmel
RickFamuyiwa,jimmykimmel
BlazerRamon,jimmykimmel
iJesseWilliams,jimmykimmel
joshrogin,jimmykimmel
sethmeyers,jimmykimmel
jimmykimmel,sethmeyers
MrGeorgeWallace,jimmykimmel
DaveedDiggs,jimmykimmel
dpmeyer,jimmykimmel
ringer,jimmykimmel
paulwdowns,jimmykimmel
hopesolo,jimmykimmel
jimmykimmel,SenSanders
AnandWrites,jimmykimmel
Lilly,jimmykimmel
brokemogul,jimmykimmel
gkhamba,jimmykimmel
JeffreyGurian,jimmykimmel
jimmykimmel,kendricklamar
KillerMike,jimmykimmel
nathanfielder,jimmykimmel
jimmykimmel,nathanfielder
djkhaled,jimmykimmel
jimmykimmel,djkhaled
JensenKarp,jimmykimmel
jimmykimmel,JensenKarp
JordanPeele,jimmykimmel
jimmykimmel,JordanPeele
IanMcKellen,jimmykimmel
thismyshow,jimmykimmel
Andrea_Simmons,jimmykimmel
iamcolinquinn,jimmykimmel
jimmykimmel,iamcolinquinn
roywoodjr,jimmykimmel
ronnychieng,jimmykimmel
jimmykimmel,ronnychieng
Lin_Manuel,jimmykimmel
jimmykimmel,Lin_Manuel
ChrisGethard,jimmykimmel
EasyPri,jimmykimmel
ajjacobs,jimmykimmel
melissamccarthy,jimmykimmel
jimmykimmel,melissamccarthy
jamesmiglehart,jimmykimmel
tompapa,jimmykimmel
AngeloLozada66,jimmykimmel
prattprattpratt,jimmykimmel
jimmykimmel,prattprattpratt
dherzog77,jimmykimmel
rastphan,jimmykimmel
ComedyGroupie,jimmykimmel
GlitterCheese,jimmykimmel
RonanFarrow,jimmykimmel
jimmykimmel,RonanFarrow
robcorddry,jimmykimmel
danielradosh,jimmykimmel
AymanM,jimmykimmel
rabiasquared,jimmykimmel
Apey,jimmykimmel
raminhedayati,jimmykimmel
Variety,jimmykimmel
almadrigal,jimmykimmel
philiplord,jimmykimmel
rianjohnson,jimmykimmel
jimmykimmel,rianjohnson
jimmykimmel,billburr
mileskahn,jimmykimmel
hodgman,jimmykimmel
brennanshroff,jimmykimmel
ComedyCellarUSA,jimmykimmel
morninggloria,jimmykimmel
jimmykimmel,morninggloria
JSim07,jimmykimmel
jimmykimmel,TheDailyShow
JessicaPilot212,jimmykimmel
AdamLowitt,jimmykimmel
jordanklepper,jimmykimmel
davidiserson,gabegundacker
gabegundacker,TheDweck
gabegundacker,ACLU
gabegundacker,BarackObama
Sethrogen,gabegundacker
gabegundacker,Sethrogen
gabegundacker,StephenAtHome
gabegundacker,mattingebretson
gabegundacker,bejohnce
billyeichner,gabegundacker
gabegundacker,billyeichner
JimGaffigan,gabegundacker
gabegundacker,JimGaffigan
gabegundacker,A24
edgarwright,gabegundacker
gabegundacker,edgarwright
BenSPLATT,gabegundacker
gabegundacker,BenSPLATT
gabegundacker,jk_rowling
gabegundacker,ditzkoff
gabegundacker,realDonaldTrump
BRANDONWARDELL,gabegundacker
gabegundacker,BRANDONWARDELL
MsEmmaBowman,gabegundacker
gabegundacker,iJesseWilliams
gabegundacker,SenSanders
gabegundacker,BernieSanders
gabegundacker,kendricklamar
nathanfielder,gabegundacker
gabegundacker,nathanfielder
JensenKarp,gabegundacker
gabegundacker,JordanPeele
rameswaram,gabegundacker
gabegundacker,EugeneMirman
electrolemon,gabegundacker
gabegundacker,electrolemon
gabegundacker,Lin_Manuel
gabegundacker,ChrisGethard
jamesmiglehart,gabegundacker
gabegundacker,jamesmiglehart
AkilahObviously,gabegundacker
RonanFarrow,gabegundacker
gabegundacker,RonanFarrow
rabiasquared,gabegundacker
gabegundacker,philiplord
gabegundacker,rianjohnson
OnePerfectShot,gabegundacker
gabegundacker,OnePerfectShot
brandonjinx,THEKIDMERO
THEKIDMERO,brandonjinx
dstfelix,THEKIDMERO
patriotact,THEKIDMERO
N_C_B,THEKIDMERO
THEKIDMERO,N_C_B
hodakatebi,patriotact
hodakatebi,TheDweck
hodakatebi,nbcsnl
hodakatebi,AnikKhan_
GuzKhanOfficial,hodakatebi
eveewing,hodakatebi
hodakatebi,eveewing
hodakatebi,Kaepernick7
hodakatebi,yunamusic
hodakatebi,EdgeofSports
DreamsickJustin,hodakatebi
ramy,hodakatebi
hodakatebi,ramy
hodakatebi,mehdirhasan
hodakatebi,BernieSanders
hodakatebi,chancetherapper
hodakatebi,kendricklamar
TheNarcicyst,hodakatebi
hodakatebi,TheNarcicyst
MazMHussain,hodakatebi
hodakatebi,MazMHussain
ismat,hodakatebi
Zeyba,hodakatebi
hodakatebi,lsarsour
alicewetterlund,hodakatebi
baluchx,hodakatebi
hodakatebi,baluchx
hodakatebi,TheDailyShow
patriotact,nytimes
FullFrontalSamB,patriotact
colbertlateshow,patriotact
DevDell,patriotact
GuzKhanOfficial,patriotact
MamoudouNDiaye,patriotact
aliamjadrizvi,patriotact
MitchyD,patriotact
iffykaysar,patriotact
mallika_rao,patriotact
patriotact,mallika_rao
patriotact,ludwiggoransson
DanAmira,patriotact
davidrocknyc,patriotact
patriotact,NPR
DreamsickJustin,patriotact
MsEmmaBowman,patriotact
garyvee,patriotact
dpmeyer,patriotact
katepurchase,patriotact
AnandWrites,patriotact
patriotact,Lilly
joshluber,patriotact
thismyshow,patriotact
Andrea_Simmons,patriotact
oldmanebro,patriotact
AymanM,patriotact
raminhedayati,patriotact
patriotact,dopequeenpheebs
patriotact,hodgman
baluchx,patriotact
davidiserson,TheDweck
davidiserson,BarackObama
davidiserson,maddow
davidiserson,Sethrogen
davidiserson,bejohnce
davidiserson,billyeichner
mikehofman,davidiserson
franklinleonard,davidiserson
davidiserson,franklinleonard
amritsingh,ringer
amritsingh,mehdirhasan
amritsingh,BernieSanders
amritsingh,chancetherapper
brokemogul,amritsingh
amritsingh,brokemogul
amritsingh,NickKristof
ambarella,amritsingh
amritsingh,chrislhayes
amritsingh,iamjohnoliver
Variety,amritsingh
amritsingh,Variety
BlazerRamon,janellejcomic
ramy,BlazerRamon
BlazerRamon,ramy
MrGeorgeWallace,BlazerRamon
BlazerRamon,MrGeorgeWallace
BlazerRamon,chancetherapper
JeffreyGurian,BlazerRamon
BlazerRamon,KillerMike
BlazerRamon,EugeneMirman
roywoodjr,BlazerRamon
BlazerRamon,roywoodjr
ChrisGethard,BlazerRamon
BlazerRamon,ChrisGethard
jsmooth995,BlazerRamon
ComedyGroupie,BlazerRamon
BlazerRamon,ComedyGroupie
GlitterCheese,BlazerRamon
BlazerRamon,GlitterCheese
joshgondelman,BlazerRamon
BlazerRamon,joshgondelman
Variety,BlazerRamon
almadrigal,BlazerRamon
BlazerRamon,almadrigal
BlazerRamon,billburr
tedalexandro,BlazerRamon
BlazerRamon,tedalexandro
joshrogin,ianbremmer
ianbremmer,joshrogin
ianbremmer,garyvee
mehdirhasan,ianbremmer
BernieSanders,ianbremmer
telfordk,ianbremmer
AnandWrites,ianbremmer
ianbremmer,AnandWrites
brokemogul,ianbremmer
NickKristof,ianbremmer
ianbremmer,NickKristof
davidfolkenflik,ianbremmer
ianbremmer,davidfolkenflik
ianbremmer,chrislhayes
humansofny,ianbremmer
RonanFarrow,ianbremmer
DreamsickJustin,BRANDONWARDELL
MsEmmaBowman,BRANDONWARDELL
BlazerRamon,BRANDONWARDELL
BRANDONWARDELL,BlazerRamon
ramy,BRANDONWARDELL
BRANDONWARDELL,ramy
solomongeorgio,BRANDONWARDELL
BRANDONWARDELL,solomongeorgio
MrGeorgeWallace,BRANDONWARDELL
BRANDONWARDELL,MrGeorgeWallace
paulwdowns,BRANDONWARDELL
BRANDONWARDELL,paulwdowns
BRANDONWARDELL,SenSanders
isaiahlester,BRANDONWARDELL
BRANDONWARDELL,isaiahlester
BRANDONWARDELL,BernieSanders
Apey,BRANDONWARDELL
BRANDONWARDELL,Apey
philiplord,BRANDONWARDELL
BRANDONWARDELL,philiplord
dopequeenpheebs,BRANDONWARDELL
BRANDONWARDELL,dopequeenpheebs
tedalexandro,BRANDONWARDELL
BRANDONWARDELL,tedalexandro
JenaFriedman,BRANDONWARDELL
BRANDONWARDELL,JenaFriedman
morninggloria,BRANDONWARDELL
BRANDONWARDELL,morninggloria
alicewetterlund,BRANDONWARDELL
BRANDONWARDELL,alicewetterlund
JessicaPilot212,BRANDONWARDELL
NPR,Gladwell
MsEmmaBowman,NPR
amritsingh,NPR
ianbremmer,NPR
aspiegelnpr,NPR
NPR,aspiegelnpr
iJesseWilliams,NPR
joshrogin,NPR
stevejang,NPR
aspiegelnpr,Gladwell
iJesseWilliams,Gladwell
joshrogin,Gladwell
sethmeyers,Gladwell
MrGeorgeWallace,Gladwell
garyvee,Gladwell
ringer,Gladwell
AnandWrites,Gladwell
Variety,Gladwell
RoryAlbanese,Gladwell
JSim07,Gladwell
larrywilmore,Gladwell
JessicaPilot212,Gladwell
MsEmmaBowman,goodreads
MsEmmaBowman,aspiegelnpr
MsEmmaBowman,sethmeyers
MsEmmaBowman,ringer
MsEmmaBowman,JustinTrudeau
MsEmmaBowman,SenSanders
MsEmmaBowman,BernieSanders
MsEmmaBowman,chancetherapper
MsEmmaBowman,iamjohnoliver
MsEmmaBowman,Variety
MsEmmaBowman,hodgman
MsEmmaBowman,morninggloria
MsEmmaBowman,TheDailyShow
JessicaPilot212,MsEmmaBowman
MsEmmaBowman,JessicaPilot212
MsEmmaBowman,Trevornoah
iJesseWilliams,BKBMG
BKBMG,iJesseWilliams
MrGeorgeWallace,BKBMG
chancetherapper,BKBMG
Variety,BKBMG
zainabjohnson,BKBMG
hodgman,BKBMG
JessicaPilot212,BKBMG
joshrogin,goodreads
MrGeorgeWallace,goodreads
AnandWrites,goodreads
rabiasquared,goodreads
Variety,goodreads
philiplord,goodreads
dopequeenpheebs,goodreads
garyvee,Krewella
Krewella,BernieSanders
Variety,Krewella
amritsingh,ringer
amritsingh,mehdirhasan
amritsingh,BernieSanders
amritsingh,chancetherapper
amritsingh,iamjohnoliver
Variety,amritsingh
amritsingh,Variety
BlazerRamon,janellejcomic
ramy,BlazerRamon
BlazerRamon,ramy
MrGeorgeWallace,BlazerRamon
BlazerRamon,MrGeorgeWallace
BlazerRamon,chancetherapper
Variety,BlazerRamon
almadrigal,BlazerRamon
BlazerRamon,almadrigal
BlazerRamon,billburr
tedalexandro,BlazerRamon
BlazerRamon,tedalexandro
joshrogin,ianbremmer
ianbremmer,joshrogin
ianbremmer,garyvee
mehdirhasan,ianbremmer
BernieSanders,ianbremmer
telfordk,ianbremmer
AnandWrites,ianbremmer
ianbremmer,AnandWrites
rabiasquared,ianbremmer
Variety,ianbremmer
hodgman,ianbremmer
ianbremmer,hodgman
ianbremmer,morninggloria
SarahTreem,ianbremmer
ianbremmer,TheDailyShow
JessicaPilot212,ianbremmer
Trevornoah,ianbremmer
ianbremmer,Trevornoah
jordanklepper,ianbremmer
RogueTerritory,iamjohnoliver
aspiegelnpr,ringer
aspiegelnpr,SenSanders
aspiegelnpr,BernieSanders
aspiegelnpr,AnandWrites
aspiegelnpr,chancetherapper
aspiegelnpr,iamjohnoliver
Variety,aspiegelnpr
hodgman,aspiegelnpr
aspiegelnpr,RoryAlbanese
morninggloria,aspiegelnpr
aspiegelnpr,morninggloria
JessicaPilot212,aspiegelnpr
janellejcomic,iJesseWilliams
janellejcomic,sethmeyers
ramy,janellejcomic
janellejcomic,ramy
solomongeorgio,janellejcomic
janellejcomic,solomongeorgio
janellejcomic,robinthede
isaiahlester,janellejcomic
janellejcomic,isaiahlester
janellejcomic,BernieSanders
janellejcomic,chancetherapper
Apey,janellejcomic
janellejcomic,Apey
Variety,janellejcomic
janellejcomic,Variety
janellejcomic,HallieHaglund
dopequeenpheebs,janellejcomic
janellejcomic,dopequeenpheebs
zainabjohnson,janellejcomic
janellejcomic,zainabjohnson
janellejcomic,billburr
sammorril,janellejcomic
janellejcomic,sammorril
janellejcomic,ComedyCellarUSA
mattkoff,janellejcomic
janellejcomic,mattkoff
tedalexandro,janellejcomic
janellejcomic,tedalexandro
janellejcomic,JenaFriedman
morninggloria,janellejcomic
janellejcomic,morninggloria
alicewetterlund,janellejcomic
janellejcomic,alicewetterlund
Vasu,garyvee
Vasu,ringer
Variety,ingridnilsen
jinajones,ingridnilsen
joshrogin,sethmeyers
joshrogin,garyvee
joshrogin,ringer
joshrogin,JustinTrudeau
mehdirhasan,joshrogin
joshrogin,mehdirhasan
joshrogin,hopesolo
joshrogin,SenSanders
joshrogin,BernieSanders
telfordk,joshrogin
joshrogin,AnandWrites
joshrogin,iamjohnoliver
rabiasquared,joshrogin
joshrogin,rabiasquared
joshrogin,jonesinforjason
Variety,joshrogin
joshrogin,Variety
joshrogin,almadrigal
joshrogin,dopequeenpheebs
joshrogin,billburr
mileskahn,joshrogin
joshrogin,hodgman
joshrogin,OnePerfectShot
joshrogin,morninggloria
joshrogin,TheDailyShow
joshrogin,larrywilmore
joshrogin,Trevornoah
ramy,sethmeyers
sethmeyers,ramy
solomongeorgio,sethmeyers
MrGeorgeWallace,sethmeyers
sethmeyers,MrGeorgeWallace
garyvee,sethmeyers
paulwdowns,sethmeyers
mehdirhasan,sethmeyers
sethmeyers,mehdirhasan
hopesolo,sethmeyers
sethmeyers,hopesolo
SenSanders,sethmeyers
AnandWrites,sethmeyers
sethmeyers,chancetherapper
BergerWorld,sethmeyers
iamjohnoliver,sethmeyers
sethmeyers,iamjohnoliver
graceofwrath,sethmeyers
raminhedayati,sethmeyers
Variety,sethmeyers
almadrigal,sethmeyers
sethmeyers,almadrigal
philiplord,sethmeyers
sethmeyers,philiplord
dopequeenpheebs,sethmeyers
billburr,sethmeyers
sethmeyers,billburr
mileskahn,sethmeyers
hodgman,sethmeyers
sethmeyers,hodgman
ComedyCellarUSA,sethmeyers
sethmeyers,ComedyCellarUSA
RoryAlbanese,sethmeyers
sethmeyers,RoryAlbanese
mattkoff,sethmeyers
JenaFriedman,sethmeyers
sethmeyers,JenaFriedman
OnePerfectShot,sethmeyers
sethmeyers,OnePerfectShot
JSim07,sethmeyers
TheDailyShow,sethmeyers
JessicaPilot212,sethmeyers
jinajones,sethmeyers
AdamLowitt,sethmeyers
jordanklepper,sethmeyers
sethmeyers,jordanklepper
solomongeorgio,ramy
mehdirhasan,ramy
ramy,mehdirhasan
ramy,SenSanders
ramy,AnandWrites
ramy,rabiasquared
raminhedayati,ramy
Variety,ramy
mileskahn,ramy
sammorril,ramy
ramy,sammorril
ComedyCellarUSA,ramy
ramy,ComedyCellarUSA
baluchx,ramy
ramy,baluchx
JessicaPilot212,ramy
ramy,JessicaPilot212
solomongeorgio,MrGeorgeWallace
solomongeorgio,robinthede
tedtremper,solomongeorgio
solomongeorgio,tedtremper
solomongeorgio,BernieSanders
solomongeorgio,iamjohnoliver
Apey,solomongeorgio
solomongeorgio,Apey
solomongeorgio,Variety
dopequeenpheebs,solomongeorgio
solomongeorgio,dopequeenpheebs
mileskahn,solomongeorgio
hodgman,solomongeorgio
solomongeorgio,hodgman
alicewetterlund,solomongeorgio
solomongeorgio,alicewetterlund
JessicaPilot212,solomongeorgio
solomongeorgio,Trevornoah
dpmeyer,MrGeorgeWallace
MrGeorgeWallace,dpmeyer
paulwdowns,MrGeorgeWallace
MrGeorgeWallace,robinthede
MrGeorgeWallace,SenSanders
MrGeorgeWallace,iamjohnoliver
rabiasquared,MrGeorgeWallace
MrGeorgeWallace,rabiasquared
Apey,MrGeorgeWallace
MrGeorgeWallace,Apey
Variety,MrGeorgeWallace
MrGeorgeWallace,Variety
almadrigal,MrGeorgeWallace
MrGeorgeWallace,almadrigal
philiplord,MrGeorgeWallace
MrGeorgeWallace,philiplord
rianjohnson,MrGeorgeWallace
MrGeorgeWallace,rianjohnson
MrGeorgeWallace,billburr
mileskahn,MrGeorgeWallace
MrGeorgeWallace,mileskahn
MrGeorgeWallace,hodgman
sammorril,MrGeorgeWallace
ComedyCellarUSA,MrGeorgeWallace
MrGeorgeWallace,ComedyCellarUSA
RoryAlbanese,MrGeorgeWallace
MrGeorgeWallace,RoryAlbanese
JenaFriedman,MrGeorgeWallace
MrGeorgeWallace,JenaFriedman
MrGeorgeWallace,alicewetterlund
SarahTreem,MrGeorgeWallace
BENBALLER,MrGeorgeWallace
MrGeorgeWallace,BENBALLER
MrGeorgeWallace,TheDailyShow
MrGeorgeWallace,larrywilmore
JessicaPilot212,MrGeorgeWallace
Trevornoah,MrGeorgeWallace
MrGeorgeWallace,Trevornoah
AdamLowitt,MrGeorgeWallace
stevejang,DaveedDiggs
dopequeenpheebs,DaveedDiggs
rianjohnson,DaveedDiggs
DaveedDiggs,rianjohnson
hodgman,DaveedDiggs
RoryAlbanese,DaveedDiggs
DaveedDiggs,TheDailyShow
DaveedDiggs,larrywilmore
JessicaPilot212,DaveedDiggs
stevejang,garyvee
garyvee,stevejang
ringer,garyvee
garyvee,ringer
garyvee,chancetherapper
Variety,garyvee
dopequeenpheebs,garyvee
GeorgeKiel3,garyvee
JessicaPilot212,garyvee
tedtremper,dpmeyer
dpmeyer,AnandWrites
dpmeyer,chancetherapper
BergerWorld,dpmeyer
dpmeyer,BergerWorld
graceofwrath,dpmeyer
raminhedayati,dpmeyer
dpmeyer,rianjohnson
mattkoff,dpmeyer
dpmeyer,mattkoff
TheDailyShow,dpmeyer
dpmeyer,TheDailyShow
Trevornoah,dpmeyer
dpmeyer,Trevornoah
jordanklepper,dpmeyer
dpmeyer,jordanklepper
stevejang,BernieSanders
stevejang,chancetherapper
Variety,stevejang
stevejang,Variety
stevejang,Trevornoah
heyrubes_,ringer
raminhedayati,ringer
almadrigal,ringer
ringer,billburr
OnePerfectShot,ringer
GeorgeKiel3,ringer
ringer,larrywilmore
JessicaPilot212,ringer
ringer,Trevornoah
AdamLowitt,ringer
paulwdowns,SenSanders
Variety,paulwdowns
paulwdowns,Variety
almadrigal,paulwdowns
paulwdowns,philiplord
paulwdowns,HallieHaglund
dopequeenpheebs,paulwdowns
JenaFriedman,paulwdowns
paulwdowns,JenaFriedman
paulwdowns,OnePerfectShot
hopesolo,robinthede
BernieSanders,robinthede
BergerWorld,robinthede
Variety,robinthede
robinthede,Variety
dopequeenpheebs,robinthede
mileskahn,robinthede
MrChadCarter,robinthede
hodgman,robinthede
RoryAlbanese,robinthede
JSim07,robinthede
robinthede,JSim07
alicewetterlund,robinthede
TheDailyShow,robinthede
larrywilmore,robinthede
robinthede,larrywilmore
JessicaPilot212,robinthede
jordanklepper,robinthede
tedtremper,BernieSanders
tedtremper,chancetherapper
tedtremper,BergerWorld
tedtremper,iamjohnoliver
tedtremper,HallieHaglund
tedtremper,billburr
mileskahn,tedtremper
tedtremper,mileskahn
tedtremper,hodgman
sammorril,tedtremper
tedtremper,sammorril
ComedyCellarUSA,tedtremper
tedtremper,ComedyCellarUSA
tedtremper,RoryAlbanese
tedtremper,JenaFriedman
tedtremper,TheDailyShow
tedtremper,Trevornoah
tedtremper,AdamLowitt
tedtremper,jordanklepper
katepurchase,JustinTrudeau
JustinTrudeau,katepurchase
telfordk,JustinTrudeau
JustinTrudeau,telfordk
AnandWrites,JustinTrudeau
rabiasquared,JustinTrudeau
graceofwrath,JustinTrudeau
Variety,JustinTrudeau
dopequeenpheebs,JustinTrudeau
hodgman,JustinTrudeau
JustinTrudeau,TheDailyShow
Trevornoah,JustinTrudeau
jordanklepper,JustinTrudeau
hopesolo,robinthede
BernieSanders,robinthede
BergerWorld,robinthede
Variety,robinthede
robinthede,Variety
dopequeenpheebs,robinthede
mileskahn,robinthede
MrChadCarter,robinthede
hodgman,robinthede
RoryAlbanese,robinthede
JSim07,robinthede
robinthede,JSim07
alicewetterlund,robinthede
TheDailyShow,robinthede
larrywilmore,robinthede
robinthede,larrywilmore
JessicaPilot212,robinthede
jordanklepper,robinthede
tedtremper,BernieSanders
tedtremper,chancetherapper
tedtremper,BergerWorld
tedtremper,iamjohnoliver
tedtremper,HallieHaglund
tedtremper,billburr
mileskahn,tedtremper
tedtremper,mileskahn
tedtremper,hodgman
sammorril,tedtremper
tedtremper,sammorril
ComedyCellarUSA,tedtremper
tedtremper,ComedyCellarUSA
tedtremper,RoryAlbanese
tedtremper,JenaFriedman
tedtremper,TheDailyShow
tedtremper,Trevornoah
tedtremper,AdamLowitt
tedtremper,jordanklepper
katepurchase,JustinTrudeau
JustinTrudeau,katepurchase
telfordk,JustinTrudeau
JustinTrudeau,telfordk
AnandWrites,JustinTrudeau
rabiasquared,JustinTrudeau
graceofwrath,JustinTrudeau
Variety,JustinTrudeau
dopequeenpheebs,JustinTrudeau
hodgman,JustinTrudeau
JustinTrudeau,TheDailyShow
Trevornoah,JustinTrudeau
jordanklepper,JustinTrudeau
mehdirhasan,amirkingkhan
amirkingkhan,mehdirhasan
Variety,amirkingkhan
rabiasquared,farantahir_
farantahir_,Variety
farantahir_,TheDailyShow
mehdirhasan,SenSanders
mehdirhasan,BernieSanders
AnandWrites,mehdirhasan
mehdirhasan,AnandWrites
rabiasquared,mehdirhasan
mehdirhasan,rabiasquared
BernieSanders,SenSanders
SenSanders,BernieSanders
AnandWrites,SenSanders
SenSanders,AnandWrites
rabiasquared,SenSanders
Apey,SenSanders
raminhedayati,SenSanders
Variety,SenSanders
dopequeenpheebs,SenSanders
mileskahn,SenSanders
MrChadCarter,SenSanders
brennanshroff,SenSanders
tedalexandro,SenSanders
JSim07,SenSanders
TessaThompson_x,SenSanders
alicewetterlund,SenSanders
SarahTreem,SenSanders
baluchx,SenSanders
TheDailyShow,SenSanders
SenSanders,TheDailyShow
SenSanders,larrywilmore
JessicaPilot212,SenSanders
jordanklepper,SenSanders
Apey,isaiahlester
isaiahlester,Apey
AnandWrites,BernieSanders
BernieSanders,iamjohnoliver
rabiasquared,BernieSanders
heyrubes_,BernieSanders
raminhedayati,BernieSanders
HallieHaglund,BernieSanders
dopequeenpheebs,BernieSanders
sammorril,BernieSanders
RoryAlbanese,BernieSanders
tedalexandro,BernieSanders
JSim07,BernieSanders
SarahTreem,BernieSanders
TheDailyShow,BernieSanders
larrywilmore,BernieSanders
BernieSanders,larrywilmore
JessicaPilot212,BernieSanders
Trevornoah,BernieSanders
BernieSanders,Trevornoah
AdamLowitt,BernieSanders
jordanklepper,BernieSanders
Variety,NateParker
NateParker,OnePerfectShot
JSim07,NateParker
telfordk,katepurchase
katepurchase,telfordk
katepurchase,TheDailyShow
telfordk,TheDailyShow
telfordk,Trevornoah
AnandWrites,chancetherapper
AnandWrites,iamjohnoliver
rabiasquared,AnandWrites
AnandWrites,rabiasquared
AnandWrites,Variety
AnandWrites,mileskahn
hodgman,AnandWrites
AnandWrites,hodgman
brennanshroff,AnandWrites
AnandWrites,brennanshroff
mattkoff,AnandWrites
AnandWrites,mattkoff
tedalexandro,AnandWrites
AnandWrites,JenaFriedman
AnandWrites,TessaThompson_x
TheDailyShow,AnandWrites
AnandWrites,TheDailyShow
JessicaPilot212,AnandWrites
AnandWrites,Mowjood
Trevornoah,AnandWrites
AnandWrites,Trevornoah
Variety,MRPORTERLIVE
JessicaPilot212,MRPORTERLIVE
heyrubes_,chancetherapper
raminhedayati,chancetherapper
Variety,chancetherapper
philiplord,chancetherapper
dopequeenpheebs,chancetherapper
rianjohnson,chancetherapper
chancetherapper,rianjohnson
mileskahn,chancetherapper
hodgman,chancetherapper
OnePerfectShot,chancetherapper
chancetherapper,OnePerfectShot
JSim07,chancetherapper
TessaThompson_x,chancetherapper
chancetherapper,TessaThompson_x
JessicaPilot212,chancetherapper
BergerWorld,iamjohnoliver
raminhedayati,BergerWorld
BergerWorld,raminhedayati
jonesinforjason,BergerWorld
BergerWorld,jonesinforjason
Variety,BergerWorld
BergerWorld,Variety
almadrigal,BergerWorld
BergerWorld,almadrigal
HallieHaglund,BergerWorld
BergerWorld,HallieHaglund
BergerWorld,dopequeenpheebs
mileskahn,BergerWorld
BergerWorld,mileskahn
MrChadCarter,BergerWorld
BergerWorld,MrChadCarter
hodgman,BergerWorld
BergerWorld,hodgman
brennanshroff,BergerWorld
BergerWorld,brennanshroff
RoryAlbanese,BergerWorld
BergerWorld,RoryAlbanese
mattkoff,BergerWorld
BergerWorld,mattkoff
BergerWorld,JenaFriedman
BergerWorld,TessaThompson_x
TheDailyShow,BergerWorld
BergerWorld,TheDailyShow
BergerWorld,larrywilmore
BergerWorld,Trevornoah
AdamLowitt,BergerWorld
BergerWorld,AdamLowitt
jordanklepper,BergerWorld
BergerWorld,jordanklepper
rabiasquared,iamjohnoliver
Apey,iamjohnoliver
graceofwrath,iamjohnoliver
raminhedayati,iamjohnoliver
jonesinforjason,iamjohnoliver
iamjohnoliver,jonesinforjason
Variety,iamjohnoliver
almadrigal,iamjohnoliver
philiplord,iamjohnoliver
HallieHaglund,iamjohnoliver
dopequeenpheebs,iamjohnoliver
mileskahn,iamjohnoliver
MrChadCarter,iamjohnoliver
hodgman,iamjohnoliver
brennanshroff,iamjohnoliver
RoryAlbanese,iamjohnoliver
iamjohnoliver,RoryAlbanese
mattkoff,iamjohnoliver
JSim07,iamjohnoliver
TheDailyShow,iamjohnoliver
iamjohnoliver,TheDailyShow
larrywilmore,iamjohnoliver
iamjohnoliver,larrywilmore
JessicaPilot212,iamjohnoliver
AdamLowitt,iamjohnoliver
jordanklepper,iamjohnoliver
Variety,rabiasquared
rabiasquared,Variety
rabiasquared,mileskahn
hodgman,rabiasquared
rabiasquared,hodgman
Variety,NateParker
NateParker,OnePerfectShot
JSim07,NateParker
telfordk,katepurchase
katepurchase,telfordk
katepurchase,TheDailyShow
telfordk,TheDailyShow
telfordk,Trevornoah
AnandWrites,chancetherapper
AnandWrites,iamjohnoliver
rabiasquared,AnandWrites
AnandWrites,rabiasquared
AnandWrites,Variety
AnandWrites,mileskahn
hodgman,AnandWrites
AnandWrites,hodgman
brennanshroff,AnandWrites
AnandWrites,brennanshroff
mattkoff,AnandWrites
AnandWrites,mattkoff
tedalexandro,AnandWrites
AnandWrites,JenaFriedman
AnandWrites,TessaThompson_x
